name_food,short_name_food,code_food,date_month,cpi_index,pct_change
Food and Non-Alcoholic Beverages,All food and drink,01,2022-12-01,105.67426616301573,
Food and Non-Alcoholic Beverages,All food and drink,01,2023-01-01,103.22457704689867,-2.3181510551850977
Food and Non-Alcoholic Beverages,All food and drink,01,2023-02-01,105.0582324898007,1.7763748666840513
Food and Non-Alcoholic Beverages,All food and drink,01,2023-03-01,106.84370183305528,1.6995044566620976
Food and Non-Alcoholic Beverages,All food and drink,01,2023-04-01,107.41524967863336,0.5349382656837633
Food and Non-Alcoholic Beverages,All food and drink,01,2023-05-01,106.26064308545713,-1.0749000692458424
Food and Non-Alcoholic Beverages,All food and drink,01,2023-06-01,105.10959201573431,-1.0832336755172207
Food and Non-Alcoholic Beverages,All food and drink,01,2023-07-01,104.76919377633992,-0.3238507855148356
Food and Non-Alcoholic Beverages,All food and drink,01,2023-08-01,106.48386814314068,1.6366207517652924
Food and Non-Alcoholic Beverages,All food and drink,01,2023-09-01,109.82206641454074,3.13493332803489
Food and Non-Alcoholic Beverages,All food and drink,01,2023-10-01,120.59332464075457,9.807918005800403
Food and Non-Alcoholic Beverages,All food and drink,01,2023-11-01,133.29048013905415,10.528904096577634
Food and Non-Alcoholic Beverages,All food and drink,01,2023-12-01,192.74052508874192,44.60186870635249
Food and Non-Alcoholic Beverages,All food and drink,01,2024-01-01,224.6936611520446,16.578317428880496
Food and Non-Alcoholic Beverages,All food and drink,01,2024-02-01,288.2442572213286,
Food and Non-Alcoholic Beverages,All food and drink,01,2024-03-01,322.7632373915773,11.975600313085593
Food and Non-Alcoholic Beverages,All food and drink,01,2024-04-01,255.99823535189506,-20.685441929274845
Food and Non-Alcoholic Beverages,All food and drink,01,2024-05-01,263.50570793532836,2.9326266929588627
Food and Non-Alcoholic Beverages,All food and drink,01,2024-06-01,243.82807395671577,-7.467631017481423
Food and Non-Alcoholic Beverages,All food and drink,01,2024-07-01,233.5093690467285,-4.231959323854994
Food and Non-Alcoholic Beverages,All food and drink,01,2024-08-01,255.8227670468281,9.55567568495907
Food and Non-Alcoholic Beverages,All food and drink,01,2024-09-01,452.8458969120399,77.01547916927461
Food and Non-Alcoholic Beverages,All food and drink,01,2024-10-01,660.5391104797737,45.863993686151446
Food and Non-Alcoholic Beverages,All food and drink,01,2024-11-01,710.9803776059106,7.636378577114016
Food and Non-Alcoholic Beverages,All food and drink,01,2024-12-01,638.1247539650341,-10.24720596174592
Food and Non-Alcoholic Beverages,All food and drink,01,2025-01-01,359.0245836425828,-43.73755579739578
Food and Non-Alcoholic Beverages,All food and drink,01,2025-02-01,213.25509121996885,-40.60153512154221
Food and Non-Alcoholic Beverages,All food and drink,01,2025-03-01,304.9009775705056,42.97477064967495
Food and Non-Alcoholic Beverages,All food and drink,01,2025-04-01,489.02731415258484,60.38889676550866
Food and Non-Alcoholic Beverages,All food and drink,01,2025-05-01,726.3791964128726,48.53550617547509
Food and Non-Alcoholic Beverages,All food and drink,01,2025-06-01,1388.375713113966,91.13649178972574
Food and Non-Alcoholic Beverages,All food and drink,01,2025-07-01,1468.4679146612573,5.76876999437377
Food and Non-Alcoholic Beverages,All food and drink,01,2025-08-01,975.4180683598613,-33.57579974194613
Food and Non-Alcoholic Beverages,All food and drink,01,2025-09-01,823.8750272981221,-15.536214263136898
Food and Non-Alcoholic Beverages,All food and drink,01,2025-10-01,573.8898465955292,-30.3426093059785
Food and Non-Alcoholic Beverages,All food and drink,01,2025-11-01,256.90116956666236,-55.235108080292754
Cereals and cereal products,Cereals,0111,2022-12-01,107.40750903502278,
Cereals and cereal products,Cereals,0111,2023-01-01,108.34958832992736,0.8771074791403777
Cereals and cereal products,Cereals,0111,2023-02-01,108.57793175162419,0.21074692134641282
Cereals and cereal products,Cereals,0111,2023-03-01,109.87912616220684,1.1983967548389103
Cereals and cereal products,Cereals,0111,2023-04-01,111.83278178797846,1.778004334406134
Cereals and cereal products,Cereals,0111,2023-05-01,109.8281532760942,-1.792523158088656
Cereals and cereal products,Cereals,0111,2023-06-01,107.16175440951801,-2.4277917701786293
Cereals and cereal products,Cereals,0111,2023-07-01,105.72834810330815,-1.337609965521935
Cereals and cereal products,Cereals,0111,2023-08-01,105.23731338979712,-0.4644305168101397
Cereals and cereal products,Cereals,0111,2023-09-01,105.16888028006366,-0.0650274199608134
Cereals and cereal products,Cereals,0111,2023-10-01,111.06507305967942,5.606404445796386
Cereals and cereal products,Cereals,0111,2023-11-01,117.29566566535176,5.6098577473805875
Cereals and cereal products,Cereals,0111,2023-12-01,163.7247061187688,39.58291228414231
Cereals and cereal products,Cereals,0111,2024-01-01,176.2506261712418,7.650598586743811
Cereals and cereal products,Cereals,0111,2024-02-01,184.11412977357296,4.46154647682846
Cereals and cereal products,Cereals,0111,2024-03-01,188.16252274782158,2.1988496913449467
Cereals and cereal products,Cereals,0111,2024-04-01,175.28569057347576,-6.843462760968379
Cereals and cereal products,Cereals,0111,2024-05-01,176.52399082398082,0.7064468562457904
Cereals and cereal products,Cereals,0111,2024-06-01,169.9455736226728,-3.7266420108684457
Cereals and cereal products,Cereals,0111,2024-07-01,171.53689864481666,0.9363733271906511
Cereals and cereal products,Cereals,0111,2024-08-01,174.85551944418006,1.934639617237636
Cereals and cereal products,Cereals,0111,2024-09-01,173.90411477154052,-0.5441090310810921
Cereals and cereal products,Cereals,0111,2024-10-01,191.1883351005703,9.938936954847904
Cereals and cereal products,Cereals,0111,2024-11-01,214.2397265925218,12.056902676528793
Cereals and cereal products,Cereals,0111,2024-12-01,329.19304060255183,53.65639502923196
Cereals and cereal products,Cereals,0111,2025-01-01,233.49571978214212,-29.07027458577079
Cereals and cereal products,Cereals,0111,2025-02-01,111.69585972415571,-52.1636371628692
Cereals and cereal products,Cereals,0111,2025-03-01,139.9558844085325,25.300870376187447
Cereals and cereal products,Cereals,0111,2025-04-01,248.5393405714426,77.58405916392482
Cereals and cereal products,Cereals,0111,2025-05-01,660.6282180166552,165.80428534884504
Cereals and cereal products,Cereals,0111,2025-06-01,679.1393040161586,2.8020428880676036
Cereals and cereal products,Cereals,0111,2025-07-01,919.2298323170544,35.35217692174436
Cereals and cereal products,Cereals,0111,2025-08-01,594.5377412974016,-35.322188162803485
Cereals and cereal products,Cereals,0111,2025-09-01,230.43498995426543,-61.2413184314574
Cereals and cereal products,Cereals,0111,2025-10-01,110.8790466947917,-51.88272114543111
Cereals and cereal products,Cereals,0111,2025-11-01,120.42482693956326,8.609183185933688
"Live animals, meat and other parts of slaughtered land animals",Meat,0112,2022-12-01,108.87872415113753,
"Live animals, meat and other parts of slaughtered land animals",Meat,0112,2023-01-01,105.94353507000575,-2.69583346426559
"Live animals, meat and other parts of slaughtered land animals",Meat,0112,2023-02-01,107.7822555852276,1.7355665109785718
"Live animals, meat and other parts of slaughtered land animals",Meat,0112,2023-03-01,109.67272385241351,1.7539698505298418
"Live animals, meat and other parts of slaughtered land animals",Meat,0112,2023-04-01,112.64714864960408,2.71209166026847
"Live animals, meat and other parts of slaughtered land animals",Meat,0112,2023-05-01,119.10987432607034,5.73714093427165
"Live animals, meat and other parts of slaughtered land animals",Meat,0112,2023-06-01,118.72909878736277,-0.31968427543225175
"Live animals, meat and other parts of slaughtered land animals",Meat,0112,2023-07-01,108.33196318601007,-8.75702393730235
"Live animals, meat and other parts of slaughtered land animals",Meat,0112,2023-08-01,107.83070005372763,-0.46271028193383756
"Live animals, meat and other parts of slaughtered land animals",Meat,0112,2023-09-01,113.58567313717606,5.337045090666166
"Live animals, meat and other parts of slaughtered land animals",Meat,0112,2023-10-01,117.2060285162439,3.1873345282688916
"Live animals, meat and other parts of slaughtered land animals",Meat,0112,2023-11-01,142.2843578007896,21.39679127603067
"Live animals, meat and other parts of slaughtered land animals",Meat,0112,2023-12-01,196.31268536337697,37.97207816633767
"Live animals, meat and other parts of slaughtered land animals",Meat,0112,2024-01-01,225.6911706771179,14.965148716376135
"Live animals, meat and other parts of slaughtered land animals",Meat,0112,2024-02-01,261.8211250471644,16.00858122258373
"Live animals, meat and other parts of slaughtered land animals",Meat,0112,2024-03-01,270.8976945842958,3.466706338343144
"Live animals, meat and other parts of slaughtered land animals",Meat,0112,2024-04-01,273.1657227129336,0.8372268107036405
"Live animals, meat and other parts of slaughtered land animals",Meat,0112,2024-05-01,293.44054914184676,7.422170771484275
"Live animals, meat and other parts of slaughtered land animals",Meat,0112,2024-06-01,293.4405491418468,0.0
"Live animals, meat and other parts of slaughtered land animals",Meat,0112,2024-07-01,281.5207720447223,-4.062075651092982
"Live animals, meat and other parts of slaughtered land animals",Meat,0112,2024-08-01,274.0712906295971,-2.646156928676575
"Live animals, meat and other parts of slaughtered land animals",Meat,0112,2024-09-01,491.36188254312077,79.28250763309183
"Live animals, meat and other parts of slaughtered land animals",Meat,0112,2024-10-01,822.8722861577093,67.46766800444595
"Live animals, meat and other parts of slaughtered land animals",Meat,0112,2024-11-01,798.3761111244374,-2.9769109308144834
"Live animals, meat and other parts of slaughtered land animals",Meat,0112,2024-12-01,806.4704009995138,1.0138441972764412
"Live animals, meat and other parts of slaughtered land animals",Meat,0112,2025-01-01,347.037919760659,-56.968300469483914
"Live animals, meat and other parts of slaughtered land animals",Meat,0112,2025-02-01,210.76986186894828,-39.26604273841039
"Live animals, meat and other parts of slaughtered land animals",Meat,0112,2025-03-01,355.30563748066476,68.57516265849497
"Live animals, meat and other parts of slaughtered land animals",Meat,0112,2025-04-01,366.60747780768537,3.1808784141894364
"Live animals, meat and other parts of slaughtered land animals",Meat,0112,2025-05-01,368.8596446843163,0.6143264971295537
"Live animals, meat and other parts of slaughtered land animals",Meat,0112,2025-06-01,1743.9469937702797,372.7941966280464
"Live animals, meat and other parts of slaughtered land animals",Meat,0112,2025-07-01,1739.8655917035842,-0.2340324609219806
"Live animals, meat and other parts of slaughtered land animals",Meat,0112,2025-08-01,928.5648691842378,-46.63008029976407
"Live animals, meat and other parts of slaughtered land animals",Meat,0112,2025-09-01,903.2298704231968,-2.7284037552807945
"Live animals, meat and other parts of slaughtered land animals",Meat,0112,2025-10-01,739.7893629939675,-18.095117619687585
"Live animals, meat and other parts of slaughtered land animals",Meat,0112,2025-11-01,346.63871606878246,-53.14359283757246
"Milk, other dairy products and eggs",Dairy products,0114,2022-12-01,103.18189623472101,
"Milk, other dairy products and eggs",Dairy products,0114,2023-01-01,103.39533303954217,0.2068548966532262
"Milk, other dairy products and eggs",Dairy products,0114,2023-02-01,104.57689193237154,1.1427584380210902
"Milk, other dairy products and eggs",Dairy products,0114,2023-03-01,106.62409978671488,1.9576101531753665
"Milk, other dairy products and eggs",Dairy products,0114,2023-04-01,105.07633560590887,-1.4516082048074281
"Milk, other dairy products and eggs",Dairy products,0114,2023-05-01,99.73720635611681,-5.0811909446638595
"Milk, other dairy products and eggs",Dairy products,0114,2023-06-01,101.3694768813585,1.6365713306763183
"Milk, other dairy products and eggs",Dairy products,0114,2023-07-01,97.3287958286732,-3.986092438273573
"Milk, other dairy products and eggs",Dairy products,0114,2023-08-01,102.69421495378485,5.51267390028778
"Milk, other dairy products and eggs",Dairy products,0114,2023-09-01,103.42874831009594,0.7152626432186651
"Milk, other dairy products and eggs",Dairy products,0114,2023-10-01,110.07184647583694,6.422873982602908
"Milk, other dairy products and eggs",Dairy products,0114,2023-11-01,141.87155262675796,28.889954306255504
"Milk, other dairy products and eggs",Dairy products,0114,2023-12-01,207.66489879675783,46.37529155904281
"Milk, other dairy products and eggs",Dairy products,0114,2024-01-01,193.83101908936703,-6.661636023972477
"Milk, other dairy products and eggs",Dairy products,0114,2024-02-01,291.9563245010229,50.62414977368229
"Milk, other dairy products and eggs",Dairy products,0114,2024-03-01,340.4523988400675,16.610729163661148
"Milk, other dairy products and eggs",Dairy products,0114,2024-04-01,216.0305877683214,-36.546022732004616
"Milk, other dairy products and eggs",Dairy products,0114,2024-05-01,315.08531136892736,45.8521752053166
"Milk, other dairy products and eggs",Dairy products,0114,2024-06-01,216.8519612087351,-31.17674693669636
"Milk, other dairy products and eggs",Dairy products,0114,2024-07-01,180.33599455099963,-16.839122161586687
"Milk, other dairy products and eggs",Dairy products,0114,2024-08-01,207.8848976472463,15.276430623203055
"Milk, other dairy products and eggs",Dairy products,0114,2024-09-01,339.8548523286144,63.48222317972517
"Milk, other dairy products and eggs",Dairy products,0114,2024-10-01,538.3043129718204,58.39241643409585
"Milk, other dairy products and eggs",Dairy products,0114,2024-11-01,743.2262558160133,38.06804773918287
"Milk, other dairy products and eggs",Dairy products,0114,2024-12-01,439.4196424120921,-40.87673316524073
"Milk, other dairy products and eggs",Dairy products,0114,2025-01-01,266.04877769484034,-39.45450953570775
"Milk, other dairy products and eggs",Dairy products,0114,2025-02-01,191.4633242154587,-28.03450334394381
"Milk, other dairy products and eggs",Dairy products,0114,2025-03-01,215.5374219232081,12.57373849868928
"Milk, other dairy products and eggs",Dairy products,0114,2025-04-01,543.0013592871019,151.92904064731877
"Milk, other dairy products and eggs",Dairy products,0114,2025-05-01,1002.3907013022855,84.60187698577934
"Milk, other dairy products and eggs",Dairy products,0114,2025-06-01,1035.2211682968548,3.2752166347828933
"Milk, other dairy products and eggs",Dairy products,0114,2025-07-01,1035.2211682968548,0.0
"Milk, other dairy products and eggs",Dairy products,0114,2025-08-01,1133.5389086630478,9.497269122495382
"Milk, other dairy products and eggs",Dairy products,0114,2025-09-01,1397.4011461040202,23.277739778000623
"Milk, other dairy products and eggs",Dairy products,0114,2025-10-01,1571.904182335539,12.487683777706664
"Milk, other dairy products and eggs",Dairy products,0114,2025-11-01,343.0712151304442,-78.1748010479425
Oils and fats,Oils and fats,0115,2022-12-01,119.09461101759011,
Oils and fats,Oils and fats,0115,2023-01-01,117.32036022017652,-1.4897826041444802
Oils and fats,Oils and fats,0115,2023-02-01,116.5089702279932,-0.691602029401011
Oils and fats,Oils and fats,0115,2023-03-01,116.47306738722207,-0.030815516351125893
Oils and fats,Oils and fats,0115,2023-04-01,117.58404829566663,0.9538521937874549
Oils and fats,Oils and fats,0115,2023-05-01,117.49834543919606,-0.07288646522449937
Oils and fats,Oils and fats,0115,2023-06-01,115.66860989719538,-1.5572436659948892
Oils and fats,Oils and fats,0115,2023-07-01,115.29320537270434,-0.3245517732293024
Oils and fats,Oils and fats,0115,2023-08-01,114.69011123564844,-0.5230959926096972
Oils and fats,Oils and fats,0115,2023-09-01,115.05611584411263,0.31912481775535184
Oils and fats,Oils and fats,0115,2023-10-01,120.85861511024576,5.043190640986722
Oils and fats,Oils and fats,0115,2023-11-01,139.65529223534796,15.552616673586812
Oils and fats,Oils and fats,0115,2023-12-01,240.71666286453117,72.36486996774457
Oils and fats,Oils and fats,0115,2024-01-01,289.2934424214677,20.180065218116724
Oils and fats,Oils and fats,0115,2024-02-01,332.69242579749806,15.001716946215112
Oils and fats,Oils and fats,0115,2024-03-01,260.0268941041611,-21.84165495176218
Oils and fats,Oils and fats,0115,2024-04-01,154.3196442313024,-40.652429525430044
Oils and fats,Oils and fats,0115,2024-05-01,164.46496215242354,6.57422324400568
Oils and fats,Oils and fats,0115,2024-06-01,171.6199856858709,4.350485015049088
Oils and fats,Oils and fats,0115,2024-07-01,175.49145544738948,2.2558385295549783
Oils and fats,Oils and fats,0115,2024-08-01,181.70057549392828,3.538132401209836
Oils and fats,Oils and fats,0115,2024-09-01,202.11648948050475,11.236020541530252
Oils and fats,Oils and fats,0115,2024-10-01,472.7407049062205,133.89516912810765
Oils and fats,Oils and fats,0115,2024-11-01,574.8919435325959,21.608301880126774
Oils and fats,Oils and fats,0115,2024-12-01,393.5468060073865,-31.544212710806093
Oils and fats,Oils and fats,0115,2025-01-01,272.20685697930975,-30.83240599996111
Oils and fats,Oils and fats,0115,2025-02-01,171.29186189785375,-37.07290705359655
Oils and fats,Oils and fats,0115,2025-03-01,210.58399549843057,22.93870424737858
Oils and fats,Oils and fats,0115,2025-04-01,507.1621769127398,140.83605010548848
Oils and fats,Oils and fats,0115,2025-05-01,1006.9715919169012,98.55021485369096
Oils and fats,Oils and fats,0115,2025-06-01,992.7910304771129,-1.40823847997477
Oils and fats,Oils and fats,0115,2025-07-01,848.1490890613618,-14.569223227796442
Oils and fats,Oils and fats,0115,2025-08-01,477.9986859439014,-43.64213885168493
Oils and fats,Oils and fats,0115,2025-09-01,273.5860707656749,-42.76426299678503
Oils and fats,Oils and fats,0115,2025-10-01,193.72840507428768,-29.18922935948187
Oils and fats,Oils and fats,0115,2025-11-01,143.20366752897985,-26.080190731933953
Fruits and nuts,Fruit and nuts,0116,2022-12-01,98.42389442900242,
Fruits and nuts,Fruit and nuts,0116,2023-01-01,97.97110220173776,-0.460042990466377
Fruits and nuts,Fruit and nuts,0116,2023-02-01,100.30948065616566,2.386804273787618
Fruits and nuts,Fruit and nuts,0116,2023-03-01,102.60983964525082,2.2932617874577232
Fruits and nuts,Fruit and nuts,0116,2023-04-01,102.98822297331482,0.3687593016149009
Fruits and nuts,Fruit and nuts,0116,2023-05-01,108.5194992775396,5.37078526508607
Fruits and nuts,Fruit and nuts,0116,2023-06-01,101.45694819760355,-6.508094054022038
Fruits and nuts,Fruit and nuts,0116,2023-07-01,112.84789097080593,11.227365868542293
Fruits and nuts,Fruit and nuts,0116,2023-08-01,112.88371661317858,0.03174684264317307
Fruits and nuts,Fruit and nuts,0116,2023-09-01,111.06270058521024,-1.6131786608412853
Fruits and nuts,Fruit and nuts,0116,2023-10-01,134.2979783896853,20.920865134778836
Fruits and nuts,Fruit and nuts,0116,2023-11-01,129.15731542479924,-3.827803684408181
Fruits and nuts,Fruit and nuts,0116,2023-12-01,179.51210703306904,38.98717733691862
Fruits and nuts,Fruit and nuts,0116,2024-01-01,264.20940203505626,47.18194020550638
Fruits and nuts,Fruit and nuts,0116,2024-02-01,293.5093931356443,11.08968525529626
Fruits and nuts,Fruit and nuts,0116,2024-03-01,371.4336590196312,26.549155736209926
Fruits and nuts,Fruit and nuts,0116,2024-04-01,307.0530703600735,-17.332997992019628
Fruits and nuts,Fruit and nuts,0116,2024-05-01,320.4550141899342,4.364699501016105
Fruits and nuts,Fruit and nuts,0116,2024-06-01,369.28507900999307,15.237728435454343
Fruits and nuts,Fruit and nuts,0116,2024-07-01,331.75129615938295,-10.163904523636177
Fruits and nuts,Fruit and nuts,0116,2024-08-01,344.81104015981475,3.9366067749008806
Fruits and nuts,Fruit and nuts,0116,2024-09-01,652.1323477504828,89.12745585182807
Fruits and nuts,Fruit and nuts,0116,2024-10-01,480.79018367540607,-26.274139699727826
Fruits and nuts,Fruit and nuts,0116,2024-11-01,996.907756186033,107.34777664659464
Fruits and nuts,Fruit and nuts,0116,2024-12-01,803.4388541741506,-19.40690107097322
Fruits and nuts,Fruit and nuts,0116,2025-01-01,487.72599911004994,-39.29519383134884
Fruits and nuts,Fruit and nuts,0116,2025-02-01,303.81988790886976,-37.706850062689355
Fruits and nuts,Fruit and nuts,0116,2025-03-01,391.78502207727297,28.953053328354912
Fruits and nuts,Fruit and nuts,0116,2025-04-01,593.143559877386,51.3951597058242
Fruits and nuts,Fruit and nuts,0116,2025-05-01,693.66985783028,16.948055201623475
Fruits and nuts,Fruit and nuts,0116,2025-06-01,1406.826634653957,102.80924978553196
Fruits and nuts,Fruit and nuts,0116,2025-07-01,1622.5753415720792,15.335841787726096
Fruits and nuts,Fruit and nuts,0116,2025-08-01,1267.667554938499,-21.873115999021493
Fruits and nuts,Fruit and nuts,0116,2025-09-01,1494.1076757193182,17.862736953286216
Fruits and nuts,Fruit and nuts,0116,2025-10-01,765.6696135685416,-48.75405394059567
Fruits and nuts,Fruit and nuts,0116,2025-11-01,349.1815050605892,-54.39527717011445
"Vegetables, tubers, plantains, cooking bananas and pulses",Vegetables,0117,2022-12-01,112.39507432298785,
"Vegetables, tubers, plantains, cooking bananas and pulses",Vegetables,0117,2023-01-01,99.89943395088686,-11.11760497278776
"Vegetables, tubers, plantains, cooking bananas and pulses",Vegetables,0117,2023-02-01,105.46642314239907,5.572593328455767
"Vegetables, tubers, plantains, cooking bananas and pulses",Vegetables,0117,2023-03-01,109.26726592602506,3.6038415548559612
"Vegetables, tubers, plantains, cooking bananas and pulses",Vegetables,0117,2023-04-01,107.08506243822457,-1.9971246368311881
"Vegetables, tubers, plantains, cooking bananas and pulses",Vegetables,0117,2023-05-01,95.30709919642176,-10.998698580016523
"Vegetables, tubers, plantains, cooking bananas and pulses",Vegetables,0117,2023-06-01,95.42525509417976,0.12397386842557978
"Vegetables, tubers, plantains, cooking bananas and pulses",Vegetables,0117,2023-07-01,101.79165866340077,6.6716128376473165
"Vegetables, tubers, plantains, cooking bananas and pulses",Vegetables,0117,2023-08-01,109.7111338368735,7.780082648677961
"Vegetables, tubers, plantains, cooking bananas and pulses",Vegetables,0117,2023-09-01,121.0273542028723,10.314559671605068
"Vegetables, tubers, plantains, cooking bananas and pulses",Vegetables,0117,2023-10-01,152.76760273834486,26.22568157795793
"Vegetables, tubers, plantains, cooking bananas and pulses",Vegetables,0117,2023-11-01,165.5158345024577,8.344852924050628
"Vegetables, tubers, plantains, cooking bananas and pulses",Vegetables,0117,2023-12-01,254.63544279693343,53.84355434171613
"Vegetables, tubers, plantains, cooking bananas and pulses",Vegetables,0117,2024-01-01,310.7211316132595,22.02587675944754
"Vegetables, tubers, plantains, cooking bananas and pulses",Vegetables,0117,2024-02-01,415.7299166167883,33.79518620388794
"Vegetables, tubers, plantains, cooking bananas and pulses",Vegetables,0117,2024-03-01,495.54013437950204,19.197612337406383
"Vegetables, tubers, plantains, cooking bananas and pulses",Vegetables,0117,2024-04-01,395.0053225009099,-20.28792521608331
"Vegetables, tubers, plantains, cooking bananas and pulses",Vegetables,0117,2024-05-01,338.6486871371689,-14.267310376206694
"Vegetables, tubers, plantains, cooking bananas and pulses",Vegetables,0117,2024-06-01,279.3082276047771,-17.522719498497892
"Vegetables, tubers, plantains, cooking bananas and pulses",Vegetables,0117,2024-07-01,286.5610850178174,2.596721720386668
"Vegetables, tubers, plantains, cooking bananas and pulses",Vegetables,0117,2024-08-01,393.80317893652744,37.42381625615428
"Vegetables, tubers, plantains, cooking bananas and pulses",Vegetables,0117,2024-09-01,976.0847465998266,147.86106329455265
"Vegetables, tubers, plantains, cooking bananas and pulses",Vegetables,0117,2024-10-01,1557.8067133351522,59.59748564473969
"Vegetables, tubers, plantains, cooking bananas and pulses",Vegetables,0117,2024-11-01,1336.7799095949474,-14.188332984327829
"Vegetables, tubers, plantains, cooking bananas and pulses",Vegetables,0117,2024-12-01,1091.657868472169,-18.336753818887956
"Vegetables, tubers, plantains, cooking bananas and pulses",Vegetables,0117,2025-01-01,559.7926215003845,-48.72087330036443
"Vegetables, tubers, plantains, cooking bananas and pulses",Vegetables,0117,2025-02-01,267.3671490679308,-52.23817914010373
"Vegetables, tubers, plantains, cooking bananas and pulses",Vegetables,0117,2025-03-01,502.1360121829811,87.80766969071502
"Vegetables, tubers, plantains, cooking bananas and pulses",Vegetables,0117,2025-04-01,968.2995164632274,92.83610276300473
"Vegetables, tubers, plantains, cooking bananas and pulses",Vegetables,0117,2025-05-01,1265.38559966819,30.681217758952045
"Vegetables, tubers, plantains, cooking bananas and pulses",Vegetables,0117,2025-06-01,2356.258700402538,86.20874941364886
"Vegetables, tubers, plantains, cooking bananas and pulses",Vegetables,0117,2025-07-01,2102.8539236461165,-10.754539673981071
"Vegetables, tubers, plantains, cooking bananas and pulses",Vegetables,0117,2025-08-01,1624.9438244799167,-22.726737877139684
"Vegetables, tubers, plantains, cooking bananas and pulses",Vegetables,0117,2025-09-01,1265.0608409820688,-22.14741076437106
"Vegetables, tubers, plantains, cooking bananas and pulses",Vegetables,0117,2025-10-01,662.6338625586168,-47.62039570806627
"Vegetables, tubers, plantains, cooking bananas and pulses",Vegetables,0117,2025-11-01,300.0848979629078,-54.71331682262734
"Sugar, confectionery and desserts",Sugar,0118,2022-12-01,97.44208691312525,
"Sugar, confectionery and desserts",Sugar,0118,2023-01-01,97.5331206815367,0.09342345930316753
"Sugar, confectionery and desserts",Sugar,0118,2023-02-01,97.91934494659256,0.39599293281813175
"Sugar, confectionery and desserts",Sugar,0118,2023-03-01,98.43239828366796,0.5239550339672263
"Sugar, confectionery and desserts",Sugar,0118,2023-04-01,99.0124403422595,0.5892796159653955
"Sugar, confectionery and desserts",Sugar,0118,2023-05-01,98.96373291170873,-0.049193243174698864
"Sugar, confectionery and desserts",Sugar,0118,2023-06-01,98.65487632717405,-0.31209067751134967
"Sugar, confectionery and desserts",Sugar,0118,2023-07-01,101.67730166337769,3.063635016053553
"Sugar, confectionery and desserts",Sugar,0118,2023-08-01,102.66263427334046,0.9690782444491788
"Sugar, confectionery and desserts",Sugar,0118,2023-09-01,106.26951902626915,3.5133374264732993
"Sugar, confectionery and desserts",Sugar,0118,2023-10-01,106.88655814682802,0.5806360339377648
"Sugar, confectionery and desserts",Sugar,0118,2023-11-01,107.8209606252555,0.8742001750527919
"Sugar, confectionery and desserts",Sugar,0118,2023-12-01,192.72942897082112,78.7495008884915
"Sugar, confectionery and desserts",Sugar,0118,2024-01-01,268.99356054932804,39.570568950346
"Sugar, confectionery and desserts",Sugar,0118,2024-02-01,574.6762826108912,113.6394200059325
"Sugar, confectionery and desserts",Sugar,0118,2024-03-01,660.4443082022857,14.92458070511104
"Sugar, confectionery and desserts",Sugar,0118,2024-04-01,183.94247335503997,-72.14867762949957
"Sugar, confectionery and desserts",Sugar,0118,2024-05-01,254.32682346306353,38.26432733247523
"Sugar, confectionery and desserts",Sugar,0118,2024-06-01,144.34994916488878,-43.24234180282873
"Sugar, confectionery and desserts",Sugar,0118,2024-07-01,131.05261772965665,-9.211871228331916
"Sugar, confectionery and desserts",Sugar,0118,2024-08-01,123.51168011740151,-5.754129709801788
"Sugar, confectionery and desserts",Sugar,0118,2024-09-01,251.87593490981217,103.92883868990904
"Sugar, confectionery and desserts",Sugar,0118,2024-10-01,477.18558851020924,89.45263217824777
"Sugar, confectionery and desserts",Sugar,0118,2024-11-01,613.9267752129894,28.655766224979885
"Sugar, confectionery and desserts",Sugar,0118,2024-12-01,453.89273638269464,-26.067284453390087
"Sugar, confectionery and desserts",Sugar,0118,2025-01-01,233.7222401178803,-48.507164494295864
"Sugar, confectionery and desserts",Sugar,0118,2025-02-01,148.56021855137388,-36.4372776521199
"Sugar, confectionery and desserts",Sugar,0118,2025-03-01,184.55247217702058,24.22738333088826
"Sugar, confectionery and desserts",Sugar,0118,2025-04-01,470.1013602364334,154.72504090084342
"Sugar, confectionery and desserts",Sugar,0118,2025-05-01,1147.7123750995115,144.14147079308165
"Sugar, confectionery and desserts",Sugar,0118,2025-06-01,2876.4607994922153,150.6255802324005
"Sugar, confectionery and desserts",Sugar,0118,2025-07-01,3794.0887570627156,31.90128500038972
"Sugar, confectionery and desserts",Sugar,0118,2025-08-01,1439.4157321674309,-62.06162205647005
"Sugar, confectionery and desserts",Sugar,0118,2025-09-01,385.80256548755136,-73.19728019738808
"Sugar, confectionery and desserts",Sugar,0118,2025-10-01,243.2815456363894,-36.94143911952826
"Sugar, confectionery and desserts",Sugar,0118,2025-11-01,171.06994145081964,-29.682318893804563
Ready-made food and other food products,Other food products,0119,2022-12-01,93.09350105334897,
Ready-made food and other food products,Other food products,0119,2023-01-01,93.0723280313647,-0.022743823945489794
Ready-made food and other food products,Other food products,0119,2023-02-01,93.38797781411442,0.3391446087427141
Ready-made food and other food products,Other food products,0119,2023-03-01,94.77987303137965,1.490443684342054
Ready-made food and other food products,Other food products,0119,2023-04-01,94.86654999290063,0.09145080991221732
Ready-made food and other food products,Other food products,0119,2023-05-01,93.51753249349451,-1.4220159787691955
Ready-made food and other food products,Other food products,0119,2023-06-01,93.28760164988682,-0.2458692370050386
Ready-made food and other food products,Other food products,0119,2023-07-01,93.72738262762539,0.47142489458468617
Ready-made food and other food products,Other food products,0119,2023-08-01,93.15397670231667,-0.6117805802673786
Ready-made food and other food products,Other food products,0119,2023-09-01,94.89384962536631,1.867738753236054
Ready-made food and other food products,Other food products,0119,2023-10-01,100.61448535897907,6.028457857065959
Ready-made food and other food products,Other food products,0119,2023-11-01,107.22591839794204,6.571054868863342
Ready-made food and other food products,Other food products,0119,2023-12-01,172.7775586228206,61.13413734690539
Ready-made food and other food products,Other food products,0119,2024-01-01,152.47864730349133,-11.74858093905732
Ready-made food and other food products,Other food products,0119,2024-02-01,157.31876924366986,3.1742949099914313
Ready-made food and other food products,Other food products,0119,2024-03-01,193.67759646100077,23.111563478490595
Ready-made food and other food products,Other food products,0119,2024-04-01,198.03413491698407,2.249376559596314
Ready-made food and other food products,Other food products,0119,2024-05-01,185.23563180940147,-6.462776284981246
Ready-made food and other food products,Other food products,0119,2024-06-01,182.27417192884855,-1.5987528164128406
Ready-made food and other food products,Other food products,0119,2024-07-01,176.64269843714126,-3.089561967070992
Ready-made food and other food products,Other food products,0119,2024-08-01,190.7150417049492,7.966558138159101
Ready-made food and other food products,Other food products,0119,2024-09-01,198.09983165953562,3.8721591587994766
Ready-made food and other food products,Other food products,0119,2024-10-01,179.19626248319327,-9.542445855699157
Ready-made food and other food products,Other food products,0119,2024-11-01,217.51104472367635,21.381462821567837
Ready-made food and other food products,Other food products,0119,2024-12-01,317.5191066225511,45.978383316545546
Ready-made food and other food products,Other food products,0119,2025-01-01,307.4752558563821,-3.163227206389365
Ready-made food and other food products,Other food products,0119,2025-02-01,222.83955787664203,-27.526019205679546
Ready-made food and other food products,Other food products,0119,2025-03-01,216.2592869470335,-2.952918679389583
Ready-made food and other food products,Other food products,0119,2025-04-01,293.12392778234414,35.54281618164052
Ready-made food and other food products,Other food products,0119,2025-05-01,345.0955706581104,17.730262851266502
Ready-made food and other food products,Other food products,0119,2025-06-01,414.7581959690691,20.18647332334909
Ready-made food and other food products,Other food products,0119,2025-07-01,709.4188187053858,71.04395418825942
Ready-made food and other food products,Other food products,0119,2025-08-01,468.7865220481659,-33.91963820417794
Ready-made food and other food products,Other food products,0119,2025-09-01,277.07529396459256,-40.89520902733543
Ready-made food and other food products,Other food products,0119,2025-10-01,169.66471324164792,-38.76584562486131
Ready-made food and other food products,Other food products,0119,2025-11-01,195.1920660528317,15.045764274405144
Coffee and coffee substitutes,Coffee,0122,2022-12-01,90.55625590947207,
Coffee and coffee substitutes,Coffee,0122,2023-01-01,91.49924926760758,1.041334305029352
Coffee and coffee substitutes,Coffee,0122,2023-02-01,91.98267629634081,0.5283398854118957
Coffee and coffee substitutes,Coffee,0122,2023-03-01,91.28595889629246,-0.7574441493784434
Coffee and coffee substitutes,Coffee,0122,2023-04-01,90.95784711681225,-0.3594329110931227
Coffee and coffee substitutes,Coffee,0122,2023-05-01,90.28616541042555,-0.7384538307333486
Coffee and coffee substitutes,Coffee,0122,2023-06-01,90.3451637136077,0.06534589536941837
Coffee and coffee substitutes,Coffee,0122,2023-07-01,90.86903940638264,0.5798602506666697
Coffee and coffee substitutes,Coffee,0122,2023-08-01,91.33041185914954,0.5077333883805721
Coffee and coffee substitutes,Coffee,0122,2023-09-01,91.60487462910822,0.30051629503431343
Coffee and coffee substitutes,Coffee,0122,2023-10-01,91.36267102509963,-0.26440034440223315
Coffee and coffee substitutes,Coffee,0122,2023-11-01,110.20164396025999,20.619989240446813
Coffee and coffee substitutes,Coffee,0122,2023-12-01,141.5446143450491,28.44147261187115
Coffee and coffee substitutes,Coffee,0122,2024-01-01,148.53708128161855,4.9401151495059
Coffee and coffee substitutes,Coffee,0122,2024-02-01,180.2268288842596,21.334570013907125
Coffee and coffee substitutes,Coffee,0122,2024-03-01,191.85435476452858,6.451606540631147
Coffee and coffee substitutes,Coffee,0122,2024-04-01,139.6978956385873,-27.185444495099006
Coffee and coffee substitutes,Coffee,0122,2024-05-01,129.73950919877328,-7.128515711916947
Coffee and coffee substitutes,Coffee,0122,2024-06-01,125.35015985696893,-3.383201747032544
Coffee and coffee substitutes,Coffee,0122,2024-07-01,122.90087170212256,-1.9539569456003392
Coffee and coffee substitutes,Coffee,0122,2024-08-01,122.90087170212256,0.0
Coffee and coffee substitutes,Coffee,0122,2024-09-01,101.73495619426873,-17.221940914425815
Coffee and coffee substitutes,Coffee,0122,2024-10-01,140.77772225678822,38.3769429142576
Coffee and coffee substitutes,Coffee,0122,2024-11-01,154.77380894861162,9.94197552528486
Coffee and coffee substitutes,Coffee,0122,2024-12-01,330.5845040667376,113.59201942009395
Coffee and coffee substitutes,Coffee,0122,2025-01-01,238.33762695768726,-27.904174567852024
Coffee and coffee substitutes,Coffee,0122,2025-02-01,169.1975547865552,-29.0092978828755
Coffee and coffee substitutes,Coffee,0122,2025-03-01,226.0573877115638,33.60558785659637
Coffee and coffee substitutes,Coffee,0122,2025-04-01,268.5383645489408,18.792120561695754
Coffee and coffee substitutes,Coffee,0122,2025-05-01,311.12876178556786,15.860079176457859
Coffee and coffee substitutes,Coffee,0122,2025-06-01,463.52680405733975,48.98230603855444
Coffee and coffee substitutes,Coffee,0122,2025-07-01,539.4154124094407,16.371999998238124
Coffee and coffee substitutes,Coffee,0122,2025-08-01,408.52742763875733,-24.26478401609583
Coffee and coffee substitutes,Coffee,0122,2025-09-01,586.9268137083318,43.66888830468565
Coffee and coffee substitutes,Coffee,0122,2025-10-01,474.9128793956926,-19.08482142857143
Coffee and coffee substitutes,Coffee,0122,2025-11-01,134.9372460742445,-71.58694743213815
Water,Water,0124,2022-12-01,100.37259834704712,
Water,Water,0124,2023-01-01,99.99999999999999,-0.3712152053280846
Water,Water,0124,2023-02-01,99.99999999999999,0.0
Water,Water,0124,2023-03-01,99.99999999999999,0.0
Water,Water,0124,2023-04-01,99.99999999999999,0.0
Water,Water,0124,2023-05-01,99.99999999999999,0.0
Water,Water,0124,2023-06-01,99.99999999999999,0.0
Water,Water,0124,2023-07-01,99.99999999999999,0.0
Water,Water,0124,2023-08-01,99.99999999999999,0.0
Water,Water,0124,2023-09-01,99.99999999999999,0.0
Water,Water,0124,2023-10-01,174.1101126592248,74.11011265922482
Water,Water,0124,2023-11-01,174.99999999999997,0.5111060622405574
Water,Water,0124,2023-12-01,158.72247073353162,-9.301445295124779
Water,Water,0124,2024-01-01,158.72247073353162,0.0
Water,Water,0124,2024-02-01,174.99999999999994,10.25534014890404
Water,Water,0124,2024-03-01,162.49999999999994,-7.142857142857139
Water,Water,0124,2024-04-01,143.74999999999994,-11.538461538461547
Water,Water,0124,2024-05-01,131.24999999999994,-8.695652173913047
Water,Water,0124,2024-06-01,187.49999999999991,42.85714285714286
Water,Water,0124,2024-07-01,212.49999999999991,13.333333333333329
Water,Water,0124,2024-08-01,174.99999999999994,-17.647058823529406
Water,Water,0124,2024-09-01,149.99999999999994,-14.285714285714292
Water,Water,0124,2024-10-01,212.49999999999991,41.666666666666686
Water,Water,0124,2024-11-01,237.4999999999999,11.764705882352928
Water,Water,0124,2024-12-01,499.9999999999998,110.52631578947367
Water,Water,0124,2025-01-01,499.9999999999998,0.0
Water,Water,0124,2025-02-01,317.8571428571428,-36.42857142857142
Water,Water,0124,2025-03-01,316.66666666666663,-0.37453183520598543
Water,Water,0124,2025-04-01,308.33333333333326,-2.631578947368425
Water,Water,0124,2025-05-01,449.9999999999999,45.94594594594594
Water,Water,0124,2025-06-01,449.9999999999999,0.0
Water,Water,0124,2025-07-01,449.9999999999999,0.0
Water,Water,0124,2025-08-01,449.9999999999999,0.0
Water,Water,0124,2025-09-01,449.9999999999999,0.0
Water,Water,0124,2025-10-01,449.9999999999999,0.0
Water,Water,0124,2025-11-01,249.99999999999994,-44.44444444444444
Soft drinks,Soft drinks,0126,2022-12-01,96.05037687973702,
Soft drinks,Soft drinks,0126,2023-01-01,96.85258168037171,0.8351917261492048
Soft drinks,Soft drinks,0126,2023-02-01,95.05695818327247,-1.8539758733794827
Soft drinks,Soft drinks,0126,2023-03-01,94.26962606609663,-0.8282740498153203
Soft drinks,Soft drinks,0126,2023-04-01,94.26962606609663,0.0
Soft drinks,Soft drinks,0126,2023-05-01,94.07381410246845,-0.2077147982860339
Soft drinks,Soft drinks,0126,2023-06-01,94.07381410246845,0.0
Soft drinks,Soft drinks,0126,2023-07-01,93.87840886926553,-0.2077147982860339
Soft drinks,Soft drinks,0126,2023-08-01,99.09336006248397,5.555005944424082
Soft drinks,Soft drinks,0126,2023-09-01,99.09336006248397,0.0
Soft drinks,Soft drinks,0126,2023-10-01,99.09336006248397,0.0
Soft drinks,Soft drinks,0126,2023-11-01,99.09336006248397,0.0
Soft drinks,Soft drinks,0126,2023-12-01,99.09336006248397,0.0
Soft drinks,Soft drinks,0126,2024-01-01,133.57453315638253,34.79665345100443
Soft drinks,Soft drinks,0126,2024-02-01,133.57453315638253,0.0
Soft drinks,Soft drinks,0126,2024-03-01,177.27841187535387,32.71872091651255
Soft drinks,Soft drinks,0126,2024-04-01,182.06286103821157,2.6988334971218535
Soft drinks,Soft drinks,0126,2024-05-01,179.37084458191134,-1.4786192202786594
Soft drinks,Soft drinks,0126,2024-06-01,165.6680141505153,-7.639385577592307
Soft drinks,Soft drinks,0126,2024-07-01,176.3268178483657,6.433833200998279
Soft drinks,Soft drinks,0126,2024-08-01,176.3268178483657,0.0
Soft drinks,Soft drinks,0126,2024-09-01,176.3268178483657,0.0
Soft drinks,Soft drinks,0126,2024-10-01,176.3268178483657,0.0
Soft drinks,Soft drinks,0126,2024-11-01,203.12663461980816,15.198945400630606
Soft drinks,Soft drinks,0126,2024-12-01,192.6854355015223,-5.140241277481223
Soft drinks,Soft drinks,0126,2025-01-01,176.22489891599292,-8.542698903363316
Soft drinks,Soft drinks,0126,2025-02-01,126.24498042003108,-28.361439730368332
Soft drinks,Soft drinks,0126,2025-03-01,150.20722930461235,18.98075377322425
Soft drinks,Soft drinks,0126,2025-04-01,150.20722930461235,0.0
Soft drinks,Soft drinks,0126,2025-05-01,150.20722930461235,0.0
Soft drinks,Soft drinks,0126,2025-06-01,150.20722930461235,0.0
Soft drinks,Soft drinks,0126,2025-07-01,150.20722930461235,0.0
Soft drinks,Soft drinks,0126,2025-08-01,150.20722930461235,0.0
Soft drinks,Soft drinks,0126,2025-09-01,650.2477459074128,332.9004329004329
Soft drinks,Soft drinks,0126,2025-10-01,650.2477459074128,0.0
Soft drinks,Soft drinks,0126,2025-11-01,178.81813012453853,-72.5
